Bowler,Legal Balls,Runs Conceded,Wickets Taken,Overs,Economy
K Rabada,388,631,29.0,64.4,9.76
B Kumar,378,504,28.0,63.0,8.0
JC Archer,360,566,25.0,60.0,9.43
A Kamboj,302,535,21.0,50.2,10.63
Rashid Khan,341,527,21.0,56.5,9.27
E Malinga,326,510,20.0,54.2,9.39
Mohammed Siraj,372,570,19.0,62.0,9.19
Rasikh Salam,257,407,19.0,42.5,9.5
Kartik Tyagi,306,504,18.0,51.0,9.88
SP Narine,309,350,17.0,51.3,6.8
JO Holder,230,292,17.0,38.2,7.62
M Prasidh Krishna,234,408,16.0,39.0,10.46
Prince Yadav,313,469,16.0,52.1,8.99
AM Ghazanfar,233,390,15.0,38.5,10.04
JR Hazlewood,309,506,15.0,51.3,9.83
Sakib Hussain,252,399,15.0,42.0,9.5
PP Hinge,156,307,14.0,26.0,11.81
KH Pandya,303,427,14.0,50.3,8.46
J Overton,168,254,14.0,28.0,9.07
Arshdeep Singh,318,542,14.0,53.0,10.23
Brijesh Sharma,273,452,14.0,45.3,9.93
N Burger,261,465,14.0,43.3,10.69
L Ngidi,248,342,13.0,41.2,8.27
Noor Ahmad,306,443,13.0,51.0,8.69
C Bosch,121,197,12.0,20.1,9.77
SN Thakur,132,270,12.0,22.0,12.27
YS Chahal,246,389,12.0,41.0,9.49
Mohammed Shami,306,468,12.0,51.0,9.18
AR Patel,264,365,11.0,44.0,8.3
MA Starc,132,225,11.0,22.0,10.23
Mohsin Khan,168,235,11.0,28.0,8.39
VG Arora,228,396,11.0,38.0,10.42
Ravi Bishnoi,156,259,11.0,26.0,9.96
CV Varun,246,363,11.0,41.0,8.85
Kuldeep Yadav,222,384,10.0,37.0,10.38
RA Jadeja,198,283,10.0,33.0,8.58
JA Duffy,144,266,9.0,24.0,11.08
AS Roy,163,264,9.0,27.1,9.72
Suyash Sharma,245,380,9.0,40.5,9.31
Shivang Kumar,234,376,9.0,39.0,9.64
Vijaykumar Vyshak,186,333,9.0,31.0,10.74
Yash Raj Punja,180,281,9.0,30.0,9.37
M Jansen,284,492,9.0,47.2,10.39
Mukesh Choudhary,168,257,8.0,28.0,9.18
Nithish Kumar Reddy,186,326,8.0,31.0,10.52
PJ Cummins,192,310,8.0,32.0,9.69
AJ Hosein,148,198,8.0,24.4,8.03
Harsh Dubey,132,230,8.0,22.0,10.45
DL Chahar,153,269,8.0,25.3,10.55
C Green,132,241,7.0,22.0,10.95
R Shepherd,150,303,7.0,25.0,12.12
Mukesh Kumar,188,357,6.0,31.2,11.39
M Siddharth,90,145,6.0,15.0,9.67
Avesh Khan,148,278,6.0,24.4,11.27
Ashwani Kumar,60,102,6.0,10.0,10.2
Arshad Khan,104,173,6.0,17.2,9.98
Ashok Sharma,126,233,6.0,21.0,11.1
T Natarajan,191,357,6.0,31.5,11.21
DS Rathi,234,399,5.0,39.0,10.23
Shahbaz Ahmed,67,130,5.0,11.1,11.64
SR Dubey,77,110,5.0,12.5,8.57
XC Bartlett,201,390,5.0,33.3,11.64
MJ Santner,84,126,5.0,14.0,9.0
Sandeep Sharma,118,225,5.0,19.4,11.44
Shashank Singh,60,89,4.0,10.0,8.9
HH Pandya,136,261,4.0,22.4,11.51
Gurjapneet Singh,151,233,4.0,25.1,9.26
TU Deshpande,138,282,4.0,23.0,12.26
M Tiwari,60,91,4.0,10.0,9.1
JD Unadkat,77,145,4.0,12.5,11.3
JJ Bumrah,294,420,4.0,49.0,8.57
B Muzarabani,42,79,4.0,7.0,11.29
Akash Singh,42,80,4.0,7.0,11.43
Abhinandan Singh,58,122,3.0,9.4,12.62
Azmatullah Omarzai,66,103,3.0,11.0,9.36
SH Johnson,66,114,2.0,11.0,10.36
WG Jacks,53,94,2.0,8.5,10.64
V Nigam,54,117,2.0,9.0,13.0
RA Bawa,24,50,2.0,4.0,12.5
Harpreet Brar,48,60,2.0,8.0,7.5
KK Ahmed,101,149,2.0,16.5,8.85
KA Jamieson,42,90,2.0,7.0,12.86
DA Payne,30,70,2.0,5.0,14.0
Yash Thakur,24,55,2.0,4.0,13.75
TA Boult,97,188,2.0,16.1,11.63
MP Stoinis,47,98,2.0,7.5,12.51
SS Mishra,38,68,2.0,6.2,10.74
R Parag,24,38,2.0,4.0,9.5
MJ Suthar,36,68,2.0,6.0,11.33
MJ Henry,60,131,2.0,10.0,13.1
Arjun Tendulkar,24,36,1.0,4.0,9.0
BJ Dwarshuis,24,51,1.0,4.0,12.75
D Madushanka,24,36,1.0,4.0,9.0
R Sai Kishore,24,46,1.0,4.0,11.5
Raghu Sharma,90,130,1.0,15.0,8.67
S Dube,30,64,1.0,5.0,12.8
Ramandeep Singh,16,31,1.0,2.4,11.62
TM Head,6,8,1.0,1.0,8.0
Washington Sundar,55,84,1.0,9.1,9.16
RS Ghosh,18,24,1.0,3.0,8.0
MD Shanaka,36,62,1.0,6.0,10.33
D Ferreira,18,41,1.0,3.0,13.67
LH Ferguson,66,141,1.0,11.0,12.82
GF Linde,37,55,1.0,6.1,8.92
AF Milne,20,42,0.0,3.2,12.6
A Nortje,24,39,0.0,4.0,9.75
Abdul Samad,1,6,0.0,0.1,36.0
Abhishek Sharma,29,49,0.0,4.5,10.14
Auqib Nabi,78,151,0.0,13.0,11.62
M Pathirana,8,9,0.0,1.2,6.75
M Markande,30,76,0.0,5.0,15.2
Krish Bhagat,36,63,0.0,6.0,10.5
K Khejroliya,12,31,0.0,2.0,15.5
HV Patel,82,152,0.0,13.4,11.12
A Badoni,6,14,0.0,1.0,14.0
AK Markram,36,83,0.0,6.0,13.83
MP Yadav,96,183,0.0,16.0,11.44
RD Chahar,24,46,0.0,4.0,11.5
Navdeep Saini,18,38,0.0,3.0,12.67
PR Veer,12,25,0.0,2.0,12.5
PVD Chameera,12,18,0.0,2.0,9.0
N Rana,24,55,0.0,4.0,13.75
MW Short,19,39,0.0,3.1,12.32
TH David,6,18,0.0,1.0,18.0
T Vijay,12,29,0.0,2.0,14.5
