batter,Death_Runs,Death_Balls,Death_Sixes,Death_Strike_Rate
Tilak Varma,154,60,12,256.67
C Connolly,94,37,7,254.05
RM Patidar,142,57,14,249.12
KL Rahul,68,30,4,226.67
D Ferreira,184,83,19,221.69
MP Stoinis,123,56,8,219.64
B Sai Sudharsan,76,35,7,217.14
Nithish Kumar Reddy,136,63,13,215.87
TH David,167,78,16,214.1
SS Iyer,151,71,15,212.68
RR Pant,95,45,4,211.11
DA Miller,128,61,12,209.84
Shashank Singh,88,43,5,204.65
Ashutosh Sharma,145,71,10,204.23
SV Samson,72,36,4,200.0
A Raghuvanshi,79,40,4,197.5
Ishan Kishan,62,32,4,193.75
RK Singh,183,95,10,192.63
SE Rutherford,69,36,9,191.67
Aniket Verma,63,33,5,190.91
Sameer Rizvi,63,34,6,185.29
S Arora,88,48,8,183.33
H Klaasen,185,104,12,177.88
R Powell,72,41,4,175.61
Kartik Sharma,77,44,3,175.0
Washington Sundar,199,115,10,173.04
JC Buttler,75,44,4,170.45
KH Pandya,94,56,8,167.86
Himmat Singh,65,39,3,166.67
Abdul Samad,54,33,3,163.64
VR Iyer,73,45,4,162.22
S Dube,131,81,6,161.73
C Bosch,50,31,2,161.29
J Overton,89,56,3,158.93
Naman Dhir,49,31,2,158.06
Shahbaz Ahmed,49,31,3,158.06
R Tewatia,111,72,5,154.17
JC Archer,49,32,3,153.12
Dhruv Jurel,75,50,5,150.0
MD Choudhary,115,77,10,149.35
SB Dubey,60,41,2,146.34
C Green,61,42,3,145.24
T Stubbs,107,75,4,142.67
RA Jadeja,104,74,1,140.54
JO Holder,53,39,2,135.9
HH Pandya,80,59,3,135.59
JM Sharma,55,42,2,130.95
A Kamboj,39,30,2,130.0
M Jansen,47,38,3,123.68
PR Veer,47,39,2,120.51
R Shepherd,34,33,1,103.03
