batter,Runs_Scored,Balls_Faced,Fours,Sixes,Strike_Rate,Auction_Price_Cr,Auction_Price_Lakhs,Cost_Per_Run_Lakhs,Total_Boundaries,Cost_Per_Boundary_Lakhs
V Suryavanshi,776,327,63,72,237.31,1.1,110.00000000000001,0.14,135,0.81
Shubman Gill,732,449,74,33,163.03,16.5,1650.0,2.25,107,15.42
B Sai Sudharsan,722,457,75,30,157.99,8.5,850.0,1.18,105,8.1
V Kohli,675,407,73,25,165.85,21.0,2100.0,3.11,98,21.43
H Klaasen,624,390,48,31,160.0,23.0,2300.0,3.69,79,29.11
Ishan Kishan,602,330,60,32,182.42,11.25,1125.0,1.87,92,12.23
KL Rahul,593,340,56,31,174.41,14.0,1400.0,2.36,87,16.09
Abhishek Sharma,563,275,50,43,204.73,14.0,1400.0,2.49,93,15.05
MR Marsh,563,345,51,36,163.19,3.4,340.0,0.6,87,3.91
JC Buttler,526,345,51,26,152.46,15.75,1575.0,2.99,77,20.45
